title,latitude,longitude
0,51.277137780671325,-117.52592523643958
1,52.04970056495454,-118.82908233153127
2,51.042341955062064,-115.33541598942567
3,51.1402812065243,-118.8084265688276
4,51.743770371724196,-118.39807123374653
5,51.70195667963862,-118.96856424644534
6,51.25083097896063,-116.31780255372358
7,51.874499466569496,-118.37985896156287
8,51.15437636510582,-119.32333558431098
9,51.0366322291834,-118.05694545335929
10,51.81974199902924,-116.23441617704667
11,50.79400989680521,-116.51473371580052
12,51.85322155063197,-117.42222771294568
13,52.075269089931375,-117.40826907797879
14,50.103959345327254,-116.04827594220122
15,51.062995544175905,-117.26960174600985
16,50.99485718986421,-119.33031512703498
17,50.76002704981957,-116.75203501498522
18,51.75450699477563,-118.03977760176949
19,50.219439779602965,-116.4988967730234
20,51.157066112141074,-116.90182279269139
21,50.20532045303275,-116.08131326936558
22,51.17342408098364,-117.77891069025523
23,50.93638903608667,-116.91739815958714
24,51.15564297274807,-115.99752608424515
25,51.0812410733797,-116.05913065274477
26,51.84996661292583,-117.25579062100971
27,51.198052449965424,-117.85947846089232
28,51.05267835188752,-115.44726941048707
29,50.68197635848178,-117.10710338434463
30,51.17675977009123,-115.98662324485619
31,51.257719196475755,-115.71851337404162
32,52.07524707971865,-117.22141661310485
33,50.23858802342096,-116.76847065463981
34,51.92389217008347,-117.8625150818692
35,50.22736482492011,-116.17556773049552
36,51.11464600040117,-115.44852099403948
37,50.294419666184474,-116.41030740612312
38,51.13497798809239,-119.45986475611741
39,52.070494873202264,-116.53623378258432
40,51.98604071740645,-119.87645480224681
41,50.715856624043894,-117.87805778483721
42,51.46702297656759,-116.65793316055878
43,50.42787005345753,-116.81272791805165
44,51.644811170262,-117.28217364140602
45,51.67827604111794,-118.24370066603531
46,51.84490888026339,-117.01507585734633
47,52.059663420798415,-118.63257593494859
48,51.82406897762628,-119.30958912804388
49,50.876772061212456,-115.97889412469893
50,51.18439225042324,-118.74644141175013
51,51.02885676253474,-117.24240833214758
52,51.68509797067921,-118.89426445859479
53,51.687493840642084,-118.53194049063532
54,51.31073705856951,-116.96017039039305
55,51.33642075255979,-117.67234098883684
56,51.27608446470543,-116.77589124292382
57,51.771556276852955,-118.52621349680656
58,51.4335427932551,-116.10609654047698
59,51.99108364605093,-119.3028323259716
60,51.110657229554164,-118.88891991231169
61,51.77000644439205,-116.59711149348672
62,50.353740777419894,-117.40751519492531
63,50.237815489941376,-116.90193143604333
64,51.398471905813885,-116.0812551093852
65,51.181238768485734,-117.76438762736905
66,52.00187838799099,-116.38859941650836
67,50.85386462445307,-114.98125013000691
68,51.28991247383613,-115.73452573380273
69,50.88671528157209,-115.92748803695288
70,51.014236766871335,-116.9041473191652
71,51.88137804310767,-117.24411982844794
72,50.81044395938461,-117.46370358075806
73,51.43617536830397,-116.53973913199188
74,50.315350013957826,-116.7966471381074
75,50.46233390013238,-118.27449170303721
76,50.44386738141628,-117.69395590989713
77,51.60660076018891,-116.98518314722575
78,50.44923968452975,-116.39427199677144
79,50.21898073211577,-117.48268899970196
80,50.16216850279354,-116.97609471150247
81,52.09864386077878,-118.45953618308151
82,51.425508470324075,-119.02152363336272
83,50.74066954285507,-115.78004724482034
84,50.31300364813006,-115.89458336261802
85,50.709609810996255,-116.51394263196116
86,51.59168945719871,-118.61824922014864
87,51.97211678719101,-116.61628692434843
88,51.814579201552,-117.78909970586797
89,50.75216843094568,-117.84026812719593
90,50.354490190244206,-118.09533630321721
91,52.00868134850023,-118.43314959200409
92,51.65142616922074,-117.10651610917995
93,50.40360893303535,-116.0923981831094
94,51.58295021770875,-116.30606345438483
95,50.490109136700426,-115.95109671383688
96,50.635135610775016,-117.0172765074787
97,52.119489766448496,-118.30736965481239
98,50.62257061632929,-117.13130713316076
99,50.408385083483665,-115.72971790446171
100,50.54014215364488,-115.87865528507281
101,51.341200823930045,-118.22998199471296
102,51.39547902400588,-118.26958073302096
103,51.86107888681096,-119.42018507762066
104,51.39249923304535,-118.18514039399014
105,51.03285060878032,-119.28679518180326
106,50.27493433756258,-115.93850913286943
107,50.65878026162261,-115.52787704816618
108,51.211832500903796,-118.18168343855525
109,50.25967535075098,-116.1160486459648
110,51.96424278458051,-116.87946347129504
111,51.8146620141914,-117.97595699475536
112,51.39366418241989,-117.58740648722919
113,51.685060193554634,-116.64965081705648
114,51.501377212958545,-118.52465863855414
115,51.890317573090776,-116.9898516927853
116,50.43797572132006,-116.85115074746663
117,51.301551647299355,-117.80426583127306
118,51.41776805414841,-118.89346272522381
119,51.52531898112315,-118.42888275658295
120,51.00830091070501,-116.4594514398377
121,50.6839655602034,-115.84062884317146
122,51.773792578710484,-117.27832054858285
123,51.07669394933596,-117.09921421754979
124,51.301625233383795,-116.38916004130455
125,50.27798756096739,-115.90908377641779
126,51.210960447602794,-119.42301224990217
127,50.574051021570035,-116.28567886956432
128,50.863118868305634,-117.69679920970422
129,51.10459379692272,-119.5834137231939
130,51.9363685152413,-116.76925267562376
131,50.65105205741666,-115.53347613055617
132,50.395648199678156,-117.00108359730943
133,51.16181470323379,-116.23526594313115
134,50.30399796548161,-117.88313574128965
135,51.24831639962636,-115.62653680643228
136,51.91352664500687,-118.41096939805644
137,50.72923012997496,-117.2388698628463
138,50.947193123176646,-116.78542763712682
139,50.99292656813996,-118.40959183045779
140,51.12292387089268,-115.68977748687061
141,50.844099656479315,-117.85839859328803
142,51.187020693824124,-119.65674369044052
143,50.659669499746606,-115.84450253974163
144,50.104315113258124,-116.32088844300719
145,51.64474054432688,-117.3826751416975
146,51.720459973781004,-116.42265615511232
147,51.76812555410581,-117.8199723835848
148,52.00164032437231,-118.9434000551041
149,51.53377683240517,-118.0079727153136
150,51.06105421673981,-119.76431565508234
151,52.11585804854021,-117.10201128375981
152,50.89779950009311,-116.06374292768056
153,50.485014854994866,-116.14549915655363
154,51.638162574340484,-117.97195630950951
155,50.311823636826176,-118.35554707530272
156,50.84110416161405,-116.61124712596381
157,51.63699286602231,-117.19550021180534
158,50.91872531831595,-115.2199774303297
159,51.614421879590104,-118.06940984527849
160,51.3094370348194,-117.60268253541356
161,51.220815137174355,-117.07983974757694
162,51.240265102139524,-117.87438253638359
163,50.826982059818704,-115.37937539277227
164,50.608891000897486,-118.3215512743949
165,51.167110508102766,-118.55140618392133
166,52.08477420315991,-118.7477200178525
167,50.71707813102445,-115.81996117671564
168,50.82170780049059,-116.69353228443
169,51.46267548133194,-116.42572455951688
170,51.301437964622295,-115.70199104892777
171,51.06861856450202,-116.91768626737401
172,51.22060456381248,-117.33395858005008
173,50.46726012531765,-117.69938281809692
174,51.014633446247224,-118.95946766381576
175,51.01283475174044,-115.6263508512467
176,51.245161925180014,-116.66531091599514
177,50.29431766055224,-116.16965036014896
178,50.092843057168835,-116.12394667934684
179,51.096948386812926,-116.30967153758617
180,50.82547079079077,-115.10714957784452
181,50.40025328382867,-115.59015765762183
182,51.913496500306564,-118.27143119515576
183,50.31867344037204,-118.1078094545401
184,50.619696194217894,-116.3191826020546
185,50.68418729447373,-116.1278710560659
186,50.86499190698141,-114.94693205018918
187,51.450525754138454,-116.59281566781219
188,52.11111419826652,-116.99273592446096
189,50.64711637581341,-116.50505390158993
190,50.919656857652534,-117.32376035706163
191,50.90778745202568,-116.84389406519
192,51.49111361953946,-117.87381669519115
193,51.40188252918702,-116.37077179938942
194,50.828120187738904,-116.00166979317412
195,51.74580403376646,-116.75592510943567
196,50.87026708686281,-115.15401642493508
197,50.84093499341686,-115.49133254587487
198,51.519772607429296,-115.98979958322134
199,51.5135699693718,-116.3132462849344
200,50.429750468512225,-117.21596178000482
201,51.40562727524826,-116.74636423649311
202,50.82554379990172,-116.80206168841676
203,51.99304087664625,-119.95103008992692
204,51.22682710173158,-116.51653997802015
205,51.118636380901584,-119.11605936341768
206,51.86053972057065,-118.14165677480055
207,50.3512909832435,-115.89736904950107
208,51.20550847146506,-117.10008370415514
209,50.353961339235035,-116.03980908076528
210,50.95757791276647,-117.64667013256951
211,51.36033388111141,-118.18583224448872
212,52.11526779448003,-117.82474799394306
213,52.166857391081294,-117.11373870810951
214,52.10502050407627,-117.15535480640283
215,51.323983320718426,-118.84027201131377
216,51.04244447139351,-119.2221480016374
217,51.56239591367507,-119.07036027830449
218,51.209209476444194,-118.35713135860219
219,50.44307428951599,-116.9980662891026
220,50.96603359657094,-118.38350566846835
221,52.051670728850475,-119.1995010734196
222,51.027469552779685,-117.98253594894858
223,51.875909259955854,-116.20303139553504
224,50.58086829947001,-118.35811514200115
225,51.57779267373108,-117.74078730982082
226,51.15159485670049,-116.13044536248127
227,51.21861995401015,-119.02834173018334
228,50.4356343873752,-115.93612122346875
229,51.355475758701765,-116.09002266114116
230,51.43763294047363,-117.06074990719117
231,52.07748396721246,-118.23209912219467
232,50.795647471046905,-116.6194518006987
233,51.876050587016756,-118.86399067963254
234,51.06830129671267,-115.64397624748166
235,50.240465996889775,-117.75865080831208
236,51.882123017752576,-118.81576976740583
237,50.880668520663875,-116.78210359442062
238,51.00609845608371,-118.1469119887212
239,51.73278588216823,-119.44659283040632
240,51.03527978041792,-115.37783349608952
241,52.09460577524705,-119.36984705543362
242,51.15431077162936,-119.08986293944233
243,50.635489283856984,-116.97049905874566
244,50.50749522949431,-118.37010016180524
245,51.812970740266984,-118.36363192361537
246,51.327855078753004,-119.12342022086852
247,51.070909163990216,-118.7988093153517
248,52.10625299791909,-118.35562876656178
249,50.90015490961814,-115.28437490379508
250,50.86898179497408,-116.30024590035215
251,50.853356263232705,-117.75679641001885
252,51.96697684159876,-117.93039943909581
253,51.007560345550786,-115.20813765368217
254,51.468728036895264,-117.66586300019365
255,51.546833065519046,-116.53683367633582
256,51.74396738549193,-116.77965006361353
257,50.90061061770955,-116.73961832549276
258,50.667810887716264,-115.7424240326323
259,50.5255639718005,-118.30734402280108
260,51.912576022771034,-116.35188679914674
261,51.008847437011255,-118.99980376307207
262,51.720463641731605,-116.13993701081499
263,51.49380549679048,-118.59089419056625
264,50.161156779691126,-115.74963209121844
265,50.94248978989594,-117.44920019452697
266,51.339717921004805,-118.95131699661458
267,51.93501086743747,-118.00246210136054
268,51.05651893470206,-118.56643503067573
269,50.950271012849456,-116.56788071203195
270,50.25966172047073,-117.97675551713394
271,50.46561534926519,-117.23413486934312
272,51.072147347718406,-117.98306305141631
273,50.57827115398971,-116.2867042612888
274,51.14529208311347,-118.64962195160562
275,52.05441302004346,-119.62561085067557
276,51.48845234444234,-116.89628178317656
277,50.909255540499224,-115.03330203843444
278,51.01543214891575,-119.52349945390932
279,50.356886794252226,-116.18628297682987
280,51.44906382557217,-116.64939993838742
281,50.32048003618294,-118.26335252144347
282,50.69264136973232,-116.86407502123754
283,51.39642325603131,-116.3501002690399
284,50.34841548036115,-117.91385976428455
285,50.84616083849646,-117.96243777038416
286,51.132882621827854,-118.15288950388165
287,50.663279637527296,-118.37446822098512
288,51.16263797544376,-118.83979802137353
289,51.55779676827688,-118.44348957889076
290,51.27488077025465,-118.09778793910606
291,50.51244449481944,-115.54842639589137
292,51.585339822429724,-116.46116182983945
293,50.6535395050834,-117.83866238513937
294,51.19452588167972,-117.4485479577032
295,51.02922175150817,-116.02328177665176
296,50.49691782261302,-116.24238603658085
297,51.00500044774857,-119.0414351436298
298,51.13157382916107,-119.46290141680392
299,51.16083378760893,-115.50571909753901
300,52.13076945770106,-117.89694529755006
301,51.80346544582493,-118.7668302066194
302,50.25717168581705,-117.35732126589842
303,50.255017962726455,-117.55393474053004
304,50.694824034976584,-117.15357942659625
305,50.87313597815838,-117.10445215223662
306,50.60841943312169,-118.29018287615818
307,51.67062556961551,-116.33574956998842
308,51.91372161465522,-116.33684291768483
309,51.0841538801219,-117.82052125511292
310,51.038449236098316,-120.06134171974627
311,51.003441612093894,-119.48072644019656
312,51.79137230566268,-116.13205857172267
313,50.92871296337605,-117.21168303838243
314,50.46048676490126,-115.47183526881693
315,51.03707367984291,-115.8757719514583
316,51.78388742004207,-116.88648779997573
317,51.644573846573486,-118.24477419857809
318,51.57290525681396,-116.29739315308707
319,50.469269201206934,-118.04885058354695
320,51.72843158592511,-117.28890355866547
321,50.6154137976563,-118.22468271423544
322,50.92033360058229,-116.90643772436566
323,51.99989722321986,-119.13101356798404
324,50.930856281914444,-115.89808224491942
325,51.30549450261004,-118.17215347934714
326,50.17940592608787,-116.70494798480573
327,50.61111451559961,-115.94409178516266
328,50.323814820215105,-115.81002040707648
329,52.16053939711505,-116.62731975088167
330,52.06392968082094,-118.14423055279465
331,51.998852338583134,-118.06948899350373
332,51.55371043085685,-118.60204142593938
333,50.817263675938946,-117.339978207378
334,51.35540591087426,-118.80825878032024
335,51.53996547615709,-116.998259080865
336,50.448639679159136,-116.78352671400658
337,50.90972502715068,-116.30176457650867
338,51.16447180059141,-118.22947537453923
339,50.86499820444883,-116.81992347927657
340,51.10389235002768,-116.10391105135217
341,50.98548775226472,-119.81476122034746
342,51.504405593070445,-118.49805511937339
343,50.36527786867596,-116.84075470761931
344,51.90159056747176,-116.51509718612063
345,51.25971427613981,-119.15948778778025
346,50.71129374513578,-115.22319367120825
347,50.68986129532685,-115.80225783843801
348,50.650599420553085,-116.9675304431064
349,50.45378037183416,-118.40047152249477
350,51.23755039663048,-116.49585806112383
351,51.259001009035245,-117.96743959169332
352,51.38143363093639,-116.74340848773313
353,51.25784329152521,-117.61745762145492
354,51.529684016536244,-118.5036411039927
355,50.73803336558449,-115.19491025695004
356,51.682632926083656,-118.01928745887764
357,52.069841783309926,-119.17365022237512
358,51.89193613813579,-117.27583989353816
359,51.80581373374332,-117.0938786163371
360,51.74917635517077,-117.33591296107429
361,51.92364447088196,-119.67049711262335
362,48.86376458230727,-109.14289694748503
363,50.98038642858084,-111.14599741572039
364,51.366332455021094,-111.67831365582042
365,51.62283325931483,-108.6206039585588
366,48.73926534395836,-108.61707813846449
367,51.23419870876249,-106.59146922858974
368,49.05287276629897,-107.90148466508693
369,52.07505617861299,-106.84739200550271
370,48.588008803536546,-109.06706272094151
371,50.59332999180526,-107.36894064467843
372,49.3367979153663,-108.66600375191487
373,51.3334415733543,-107.48624213518409
374,52.63977787675426,-106.46319480125301
375,49.61645167439082,-106.51188934319325
376,51.33505386009152,-109.69764870166476
377,48.9428652122102,-107.96587764545835
378,49.10074749145551,-107.15582156245644
379,52.06111345632001,-112.44591371525323
380,51.25431760162472,-110.82715596275675
381,51.29988190172728,-110.39023425861639
382,51.4465570424158,-110.4625804049019
383,50.998444175823366,-107.28191544953457
384,51.010074218809336,-111.43761477655697
385,51.44487225941088,-112.31670686368855
386,50.00366856075152,-107.23830359155457
387,52.208194869278366,-106.59134496604091
388,51.22032312358648,-111.78695273534782
389,51.25673650849946,-111.68165053849746
390,51.60388797766291,-110.21965041617435
391,49.98781011712014,-107.20127161374297
392,49.89039623980118,-106.36579791415971
393,49.229083595794854,-108.55358320578569
394,51.36434168771641,-111.51212407527548
395,51.82336391144779,-112.09934546389104
396,51.903868716549326,-107.07326494093238
397,51.01178145902317,-110.08979726349638
398,50.87752976515591,-106.33016149963599
399,48.83865280907164,-107.78348268020432
400,49.32520420163451,-107.67548312542989
401,50.04036156460267,-106.70288076879915
402,51.97070310190449,-107.32562718573908
403,51.05573045431681,-108.68802311755562
404,51.186067130904746,-107.90244443542784
405,51.176134477973726,-107.03083547958596
406,51.39162804501161,-110.76879587116713
407,50.33007245000005,-107.06897578578041
408,51.85349586848816,-107.95913653049975
409,49.77099446889973,-106.91146906146889
410,51.02656908930045,-106.41062590812253
411,52.009037512697894,-111.92992484352358
412,50.68665166593159,-106.9742465988166
413,51.253113833047166,-108.72166234906119
414,51.60101287965963,-107.22513622092349
415,48.93241946872632,-109.178322200998
416,49.408590620667276,-105.93467824611999
417,48.70333559024395,-108.03124661114414
418,51.39137638469225,-106.72460946613768
419,51.19814116509728,-109.19205222676067
420,50.87707362388439,-106.08902524080673
421,48.38441543971911,-109.61587784871044
422,50.166399543862,-107.6631668264288
423,48.34985884153559,-109.17080957968692
424,51.35617297459484,-110.58443579582057
425,48.69115779918801,-108.93343749883651
426,49.0242235459644,-108.07082078998461
427,51.019723656574634,-110.1955051223189
428,51.773397135079215,-106.82310807717933
429,51.89450940724961,-111.44885497692049
430,49.37639177519446,-107.30680218163697
431,52.159958664237685,-106.52253406570702
432,49.419039837961144,-106.88642211633653
433,51.6155159340998,-106.9177093509825
434,52.023203646350765,-107.53544039158443
435,50.715690002080066,-107.1901459333178
436,49.04108864036307,-107.21128659609644
437,51.5521582337532,-108.78523684438035
438,49.19110178478087,-108.35206259313134
439,51.34453304483464,-107.62769774035125
440,50.61179004195478,-106.66652383348568
441,50.7582498181377,-106.53108177805292
442,51.529575847453145,-109.12936265436241
443,51.44247631059401,-112.03631360608817
444,52.02178127703968,-106.67403986467971
445,51.43811232126705,-109.68972303814662
446,49.97166941383055,-107.12940610773109
447,50.99635236503618,-106.54899384011715
448,51.44023408276617,-110.29315113613242
449,49.4163141470048,-107.2058744609702
450,49.15368392695664,-106.52645555431906
451,51.06578245636842,-111.20568187051501
452,50.99022832203031,-112.22341561493805
453,51.42986206231328,-109.40460134135256
454,49.54330761094772,-107.5683925359573
455,48.84592587187463,-108.96587148042103
456,52.16180876933892,-106.20258015522195
457,49.36751219551965,-107.82662608824762
458,48.9741080731972,-107.69992117190945
459,51.29677561505051,-108.69649933974333
460,50.43175297102689,-107.68517423086918
461,51.22941244829774,-106.44443835572295
462,50.30034429285396,-107.81844611710954
463,51.47817681219049,-111.24585279431179
464,50.150795975364076,-107.74232070442226
465,49.874243132581526,-107.70474304059213
466,51.440806555767224,-107.99706667605393
467,50.974929608721666,-110.39626842972189
468,52.264282461356885,-107.01940816857469
469,51.41356236850845,-111.64987122214673
470,51.90236860871174,-107.3708057546784
471,50.67988430868864,-106.84680950744671
472,49.29457569079352,-108.4693209770999
473,52.10189378312177,-106.47912983096172
474,49.31802774473696,-107.15955345448606
475,50.60264211621295,-106.43569703460383
476,51.95202633434782,-106.76686358624286
477,51.15768168531474,-109.54728200555643
478,50.195032537836695,-106.24147605838701
479,51.91940268965908,-106.07201346199584
480,51.39084135425546,-112.44828210707543
481,52.03520267849712,-108.17953477903926
482,49.17531019568882,-107.5363715232352
483,48.24565618314352,-109.7098799604722
484,51.0901515038597,-111.83240653673595
485,49.12080721167462,-108.02988156166899
486,51.37197664396908,-109.15153494543578
487,50.53189103207801,-106.52262289342774
488,49.22569339775357,-106.56586725059418
489,51.71302550301519,-108.15708039721981
490,50.82238963961529,-112.25626511334723
491,50.25033309319543,-106.52598571144303
492,51.59829773148708,-110.77013552307396
493,48.62671816095308,-109.48772380674703
494,51.80198020743478,-107.40492917272826
495,49.24814287748443,-108.62202799632422
496,51.3492182123862,-107.39289208282334
497,50.741073519076096,-106.97568766724332
498,51.81304261655998,-111.22598037510711
499,51.25260048393616,-107.74248230073714
500,49.36385600529634,-107.64105313035039
501,49.683634532584456,-106.75693131848406
502,51.94285072347392,-106.49816937520805
503,51.1379000234858,-110.80922430331132
504,49.60074225536225,-108.27970369013522
505,51.02471614187811,-106.38725742052969
506,50.38937558155355,-106.83676407783275
507,48.64345357943223,-108.16968671779854
508,48.96062508048224,-107.87325900301045
509,50.043970344739286,-107.84663410877303
510,49.09968282364687,-107.46038856252912
511,49.60685606978797,-106.1864350199809
512,51.83457030638782,-112.01314877228575
513,50.500065315691934,-107.19469257520836
514,49.086141311797846,-106.85495500536011
515,51.27994101832159,-109.32687026583905
516,51.789822547728235,-111.47744291255923
517,51.20563662541632,-106.91095251602354
518,50.49122135715799,-107.55646981953814
519,52.18182818424816,-107.55519630154087
520,49.22090500888599,-106.61176703834602
521,50.379135509436914,-106.65454097839566
522,51.476794548480655,-108.04449754308689
523,49.353681960945956,-108.52982051477858
524,51.61099910732811,-108.12381255311601
525,51.624338944227695,-109.98904725393459
526,48.39367655023677,-109.04006800828367
527,50.16150182930084,-106.89983527596787
528,51.40011686426358,-109.02579672350306
529,51.922511294195864,-107.35896028745698
530,51.09019480543583,-108.53218924755058
531,49.47317291683945,-107.14037975632442
532,52.17626756736633,-107.23947308033988
533,51.077631486589766,-110.05244064538944
534,51.6530764146588,-107.12843446215659
535,51.48334477919985,-108.77280444739051
536,49.022644234707215,-108.95004892189873
537,49.37417989844677,-108.48225309490114
538,51.55001054570376,-110.99136462704448
539,49.32615120868036,-107.93859225890252
540,50.69610230083047,-106.31117029083917
541,51.52335782396216,-108.3496350635773
542,48.90936762008592,-108.35500504275751
543,51.62673607750223,-112.08263967073539
544,51.00979846111441,-107.26927461595785
545,49.403607500198454,-107.22355272095126
546,50.32083175728322,-106.44209822246803
547,51.40289157426355,-110.14977889101755
548,49.687934040655435,-106.97590299054553
549,50.57096329942915,-107.06640054917835
550,51.16150609931133,-111.90708588866393
551,50.46250077785317,-107.6593684819136
552,50.21470513973649,-106.99403538926931
553,50.6717526077013,-107.16776468552509
554,51.00442502217579,-111.07788386355584
555,48.87331695877657,-108.45366801789919
556,50.20994172747477,-107.290154075875
557,51.62872495212001,-107.59974935501981
558,52.662927154338774,-106.21086611590617
559,51.54275488704219,-111.59084126754117
560,51.22336188009368,-109.83836168417878
561,51.51269071260726,-109.24741142155926
562,49.14268908401544,-108.02397071553811
563,49.94182049648777,-108.19974306154884
564,52.15288671482682,-106.68734841063959
565,49.28771844238538,-108.78512565860893
566,50.030533891442765,-107.55021342412475
567,52.15287591056413,-106.76093580294945
568,51.34853772414122,-110.4150423125
569,50.472540465600694,-106.5030257135404
570,51.81340660721477,-108.71567445161914
571,51.165806800310676,-109.88890385031719
572,48.89767962887657,-107.48958406005121
573,50.536467823789664,-107.60122735227398
574,51.545745482598115,-110.11633929743128
575,49.92027370956667,-107.88268015765868
576,49.214675427084416,-107.9609185194393
577,51.770528083528134,-110.97868916717654
578,50.201818430924455,-107.59819507852174
579,49.53818646480158,-107.67178992073251
580,50.75090624579012,-107.42562373712595
581,49.48915818290142,-107.70270115177348
582,50.86197396916947,-111.3038493913364
583,51.24985376677164,-110.79636130643732
584,51.18178276347776,-111.6726718987169
585,52.46767763893483,-106.71577845925493
586,50.05557451264471,-106.01537705879481
587,51.968793360612295,-112.54792109655551
588,49.98081961593803,-106.25051242089104
589,51.55697311569001,-107.43595180748791
590,51.85760097932348,-111.54864557173082
591,51.1991332404528,-107.75494518048232
592,49.37221098040259,-106.68765575657743
593,51.66225668736181,-107.51857334690465
594,50.357168070866855,-106.88297789250899
595,51.15131597954627,-109.9575681954794
596,51.35891254726883,-110.06565147084105
597,49.47871055491764,-107.91106466947038
598,51.51311068123797,-107.70881065702868
599,49.03979561979942,-107.69938730307213
600,49.70294828779959,-106.3324525599394
601,52.23268357534236,-107.09431138777501
602,52.439248057078686,-106.89132955511906
603,52.089119239011566,-112.56141070225458
604,51.80378182816488,-112.48318027732104
605,49.204911009541064,-107.14783039527089
606,48.90974616920779,-107.53698523471886
607,51.31749664542774,-112.06533804918769
608,51.011012985155254,-110.27653898333462
609,51.138349214804165,-109.07514395633385
610,49.26547267447985,-108.53739306671298
611,52.02530315891582,-112.30302770546282
612,49.85351814801066,-108.11223782273983
613,51.193247315250034,-108.336571694279
614,50.04097119797064,-106.15684689014581
615,51.82986167686905,-106.63446500960096
616,51.80096436516148,-107.20041511150421
617,51.197199020826865,-107.92056134615015
618,51.446259794040714,-110.7842589985213
619,51.17717325342444,-110.58310677057884
620,52.03795510693219,-107.57015435868188
621,51.21569813954811,-110.53898090828532
622,50.51484515887126,-107.30830254660735
623,51.13893300270196,-110.78878114482765
624,50.97200450989069,-110.14819204550159
625,51.48327521896806,-109.00243526149974
626,48.27643589807811,-109.56397421222444
627,49.38023278658463,-108.76415172448976
628,49.42145517135607,-106.07775844128805
629,51.29433834381555,-112.28257634248645
630,51.302999048336034,-107.15923949356224
631,51.62576554167647,-110.56065964128115
632,51.52449355101017,-108.98467994886985
633,49.534131094030855,-106.05640008515412
634,51.651004551427,-111.1385740385678
635,49.05654471251404,-108.87848278629724
636,51.17715335624613,-111.43712504277697
637,51.40700712497095,-109.71608218071759
638,50.97654545436546,-110.6447107618872
639,49.41122150213161,-106.57593919508552
640,51.039162876344825,-111.03136502594745
641,49.70222916685245,-107.4592836334957
642,50.11357324501194,-106.32557553044931
643,52.06258922269643,-112.23168573177377
644,49.542888882394415,-106.86976619243775
645,51.55171341220206,-106.76924112206217
646,50.44061097215423,-107.24806793702928
647,51.0555568373328,-110.09349746590564
648,49.63356603420441,-108.36046059095199
649,51.54764232450304,-111.88164364647587
650,49.212720909203696,-108.10454887828675
651,51.82082692199404,-106.32244766817549
652,49.28597993545742,-106.85109498893401
653,51.251446742207214,-106.23678560047357
654,50.80102719452192,-112.31819408676793
655,51.33038831867127,-109.16540792126942
656,50.26575655133067,-106.25569387160151
657,49.76647439275037,-106.81166822760939
658,52.29794917365477,-106.22292456253648
659,52.781115152201075,-106.46544568801521
660,51.49027414030111,-106.4422300860184
661,52.364701164009254,-106.79611290932917
662,49.81982386947679,-105.94640039690145
663,49.28141313986407,-107.20327289384319
664,51.52707339196172,-109.1289464948973
665,50.546386046220256,-106.79221315760667
666,50.92005742033441,-110.89192814502994
667,51.9290477745217,-107.49700447212949
668,51.21372444089637,-108.05808273625814
669,52.3516755354818,-106.13974294663556
670,49.85302532210112,-108.12257767130015
671,49.47038832386333,-106.20282356465911
672,51.9530670620944,-107.62931227330698
673,49.611071889666114,-107.34567005022782
674,51.54796787171901,-108.39625001542107
675,51.36915607245412,-111.01867199533957
676,51.242544102690786,-111.57217066805148
677,51.12231173246954,-110.75628962880656
678,49.92354976288188,-106.49443255882615
679,49.727304695702024,-107.1491097186197
680,51.08278857346073,-107.76148523465953
681,51.4094285915152,-110.24539587510604
682,51.737096161586614,-107.14422130514009
683,52.05259033609242,-107.70051066838143
684,50.02515001727535,-107.3546652264428
685,51.324348405745674,-109.15455590342451
686,51.188320213894855,-108.41912126258548
687,51.58715296138057,-110.40175967390803
688,48.875078523347085,-108.48090541855342
689,49.33446852892676,-106.60326790398105
690,51.6980995090283,-110.43250510079434
691,50.03627921083542,-106.52068019989535
692,49.26037739730613,-108.45615701882458
693,49.55475732184496,-106.6033395899111
694,51.23825924803363,-106.37054484371205
695,50.274906788630126,-105.95304808288424
696,51.51638161267505,-108.82161309572304
697,48.44341267979805,-109.16754105436209
698,51.1086516525211,-106.53183838261735
699,51.58124773428909,-109.6563846319775
700,51.162004331058526,-110.76781160703041
701,49.903897082733316,-106.90771668191924
702,50.970087147209824,-110.92304590682765
703,51.28820580242652,-111.39931102116734
704,51.52035754038484,-107.70721993630688
705,50.12975266079574,-107.78565389042178
706,51.174953218438816,-112.23654579798956
707,50.35254611598081,-107.39291804585235
708,49.90687195456569,-106.80742355315844
709,48.33960396304551,-109.68101805353879
710,51.191993624743716,-108.4815050471489
711,51.367485849710356,-109.44850536841602
712,51.36127848549604,-111.27722886241186
713,49.45541861715977,-107.5886365091926
714,51.62297556110126,-106.5422131089144
715,49.787517704597796,-108.11649343285937
716,51.98584722038698,-107.01334495005482
717,49.088546242242415,-108.10983191284808
718,51.304804344757834,-110.47093988535062
719,49.614709347453605,-106.50616522419627
720,51.36497770290801,-108.4381998429165
721,52.271653322112044,-107.56934171444875
722,50.73025969477328,-107.10894017212829
723,48.96397230997144,-107.54169264076248
724,51.6414703512306,-111.31325115363373
725,49.937697099950086,-107.82775719882598
726,49.91068255175446,-106.02581065417348
727,49.37685171533529,-107.92695102738705
728,51.17758738443178,-107.25278163431628
729,52.22502377702322,-106.33885028689446
730,52.5574586845535,-106.43314854222778
731,48.85572829043864,-108.49093802175173
732,51.50426995071045,-107.75695567524966
733,52.42961943439997,-106.71942521547658
734,50.87935478868967,-112.01569895590934
735,48.86827417734763,-108.55526515166429
736,48.41667902406719,-109.50353232377488
737,51.34517571413646,-108.05629496238411
738,52.33524836681279,-106.92338270708304
739,49.2483613245807,-107.19426924510852
740,49.36081814281832,-106.28527518535991
741,51.45859939282251,-112.0589960433518
742,52.039048068819916,-107.68251935577493
743,51.621352397746115,-108.55083065658859
744,49.61508899010002,-107.14594779328971
745,51.401028694471,-112.17136115827023
746,50.22263608120401,-107.26518238840107
747,51.97041723095258,-112.12049932894435
748,51.412382373246054,-109.47840083020009
749,48.42986551280223,-109.6712324391401
750,51.467052065606644,-107.31167806062908
751,50.36987228362625,-106.49227951599859
752,52.043998774124944,-112.18386972164838
753,49.726882478917645,-107.12095503907608
754,51.82016994423228,-107.75358859023004
755,49.57980669629882,-107.56165942375046
756,51.70631522325324,-107.21467140043441
757,51.86914120521618,-111.66565131068076
758,49.16302067772378,-108.47159218197412
759,50.33091128635689,-106.41506506788832
760,52.639779867729395,-106.52053321469558
761,51.05703094936914,-106.33551372598805
762,52.24338280768691,-107.7171324618603
763,51.80644167321839,-107.43701943955752
764,50.7665687420773,-106.92202116647789
765,49.444239654748245,-105.90904032538974
766,49.31567642425686,-106.70661566489837
767,49.79077693252245,-106.7929384908065
768,49.4078091251286,-106.32409501698871
769,51.23513931555941,-107.25705606432037
770,51.5524830887926,-106.30360545875747
771,49.13042595467192,-107.4050121825418
772,49.026800127030924,-107.8839287360871
773,49.27410808213485,-108.1681922803844
774,51.56465848709676,-108.84724465362898
775,51.15241105848668,-107.62343206674876
776,51.77691772459163,-110.66680542510794
777,51.3652153104985,-111.72318926139623
778,51.01679465587625,-109.38935430901893
779,52.24491103122463,-106.84113965345149
780,50.00552590126812,-107.91855069959057
781,51.13901702562451,-106.39321962135206
782,50.90480994295051,-106.19653446696806
783,49.90929574410492,-106.6246881996385
784,51.97156749189895,-106.99386127691754
785,50.23230464696321,-106.01854071958958
786,50.31612896490374,-106.66978032543223
787,49.170703215282536,-107.7694746141245
788,49.50544146951001,-108.24246794817581
789,51.22618488772477,-107.3147162938936
790,51.672397094531,-108.76745066030493
791,49.1326839139586,-107.09542208670283
792,48.55701950191283,-109.02112528508866
793,49.56986470545491,-108.10854773750236
794,50.044037134870784,-107.88916972102818
795,51.66271834456826,-108.25010902128481
796,48.897746798394216,-108.47336698657813
797,52.30582063330599,-106.60284411220843
798,51.53585010649961,-109.84062128852955
799,52.22490993697831,-106.84791157516389
800,49.87522128863175,-106.57655239588593
801,49.42076655845575,-108.37487436274466
802,51.127857878103704,-106.88950531250678
803,50.2434951055325,-106.05913301694117
804,49.53566690700203,-106.1398782611001
805,51.381856202288205,-110.958208817549
806,51.5405395469333,-110.58855297733662
807,50.85379112689901,-106.78264850193617
808,51.62669143802425,-107.80919059394623
809,51.53487610358654,-106.38593274534303
810,51.86093369221482,-112.08917454412361
811,49.175002830877695,-108.13403314667852
812,51.31930142971845,-109.0546113983933
813,51.270030570965666,-111.17567090851502
814,51.851824156410515,-106.65344315645328
815,49.7126728258601,-108.36736586646052
816,49.894800251745984,-107.31813028897308
817,48.1537242896358,-109.90348787497966
818,50.40386081567597,-106.53482780728865
819,49.64950219739538,-107.60565453994288
820,49.204485360066414,-108.332799297566
821,50.071023453342676,-107.44071600622574
822,51.30091801934268,-107.50019587292621
823,48.75432106996977,-108.92874359952134
824,50.440463859306554,-107.70272311799957
825,52.131244789466706,-106.92532382559878
826,51.47897196588198,-110.23196904727344
827,49.34021740527754,-106.66091426204173
828,50.98301179671651,-110.08188832452798
829,51.584538173454334,-111.40669388257656
830,48.77426265780979,-108.39396801454242
831,51.139538206526005,-111.82370696568617
832,51.774197885189565,-107.24824511424856
833,51.6607082222122,-108.02941736974093
834,50.35053998950805,-106.30180937393641
835,51.23415720726776,-108.37625653415043
836,49.526473001067735,-107.17960470689167
837,48.51415479819518,-109.05638853081669
838,48.89062211448001,-107.45412484122127
839,51.3480939413425,-109.96058341725626
840,50.67336888580129,-106.47402384485352
841,51.77900465614798,-106.20737393017943
842,48.668668976290576,-108.85335965048972
843,51.580721146319945,-110.2799850676774
844,51.19669503376396,-109.03255193706491
845,49.085597248086735,-108.25666118141783
846,52.14808510231743,-106.15080218910285
847,51.25771888956265,-107.95558527302501
848,50.003469290975296,-107.79915399872321
849,51.62246697153524,-107.70254724942929
850,49.36351060271185,-107.68407767664472
851,51.48227848630527,-106.25717174063843
852,51.32138695668278,-111.32700289617412
853,51.72134918897913,-106.58945359998263
854,51.77146246779103,-110.56009861137422
855,51.74638524311853,-111.25442846931881
856,50.250935119046545,-106.27608142577412
857,50.447813405489846,-107.22291953061777
858,49.544734810168904,-106.32212545745465
859,50.15359069435872,-107.06650567097803
860,51.09698738261954,-108.28420642068986
861,49.51227084267866,-106.69145964641677
862,51.12653943163265,-110.77174642215273
863,50.13084736775209,-106.07018277625352
864,52.42928394637992,-107.16357783513371
865,51.43257701018078,-110.48091198585271
866,49.540399579660416,-107.20801216569335
867,49.227792624220164,-107.15158672284836
868,52.10239362043881,-106.71474591562784
869,51.8027594595583,-111.88766234288123
870,51.88750593898555,-107.83019385953037
871,51.77139331456434,-106.52596353010794
872,51.14032136566452,-111.94217829477522
873,49.189216345333506,-108.21599275252727
874,51.70429853339404,-108.80733279004045
875,51.0886410386949,-109.28002128314206
876,52.102852880874,-106.55423303011112
877,51.60540696777711,-106.95479462942382
878,50.83128469131709,-106.33532749750715
879,49.74498292243651,-106.42076639741626
880,50.881221674628925,-106.9592337072153
881,51.16858997062697,-109.33266295998196
882,51.91712324395843,-106.3117965324452
883,51.04394220342642,-112.15803826061031
884,52.8951405565157,-106.12724197147624
885,48.588780383187945,-108.35128973484548
886,51.02406725465679,-110.8479681859722
887,51.11682447875235,-111.1735413403761
888,50.41994910909028,-106.93881409854403
889,49.926050344694346,-107.15544743145934
890,51.048431561717706,-110.5244651437672
891,49.401250832236066,-107.25722076077578
892,50.18322044690716,-107.36171829543751
893,49.499156110137505,-106.0506281401339
894,52.62789877518153,-106.62128191719717
895,51.4362507752614,-107.77257680244477
896,51.40820921319875,-112.02640657736276
897,50.10519290713369,-106.4869660916643
898,48.77272581287621,-107.970326707254
899,48.52257282549429,-109.02151173712848
900,51.195107930846085,-111.7070951254839
901,52.350917970388295,-106.7036110523498
902,51.73611579322752,-111.9159838431812
903,51.14234621061825,-112.1270102334834
904,52.67670475929085,-106.5861114413496
905,50.357748674774875,-107.7019106031479
906,51.50478936444577,-107.88004126558535
907,51.356973294828464,-106.1928484393759
908,52.028120204008424,-111.93171913967709
909,50.806520976492514,-106.07354745604604
910,51.63898100926913,-110.74883026279898
911,51.3108964480961,-111.64353254866502
912,52.00836639159624,-106.43448551870964
913,51.19521812442298,-110.4634777859106
914,51.2853483847642,-106.77633154469558
915,49.88737255714488,-107.98605682000176
916,49.70801647330306,-106.51935354265319
917,50.12264219257504,-107.35794414508227
918,49.51845269891829,-107.45243285576271
919,48.55111846645858,-108.48369837510256
920,50.49217619240768,-107.41603737395502
921,51.254860251794135,-111.5012380453977
922,49.145063271284435,-107.87277954376914
923,49.44515955650511,-106.8577097465809
924,51.555415862303875,-110.04768624248891
925,50.839885265165876,-106.64685766368659
926,52.1439661129581,-107.7737892102766
927,51.03179262498916,-109.1922373563139
928,51.492326773824615,-107.27427658319789
929,48.726134731562446,-107.90381564119015
930,49.346143035899935,-106.91969347084084
931,51.05967887906968,-109.5045918811048
932,51.03106784830014,-108.78070938581234
933,51.75753354428019,-110.97770799021026
934,50.400300158776446,-106.398552703018
935,51.13259749395941,-109.18594274752728
936,51.00061291489608,-111.86809086357538
937,51.7749360498485,-111.5298726568345
938,48.735845190006394,-108.98582991995397
939,51.509945870812956,-107.84239737331737
940,49.70629849235277,-106.2837201370778
941,50.85476962586423,-106.47661320109286
942,50.937115434385284,-110.24715742666724
943,51.732628697552634,-106.65335614930939
944,51.70030795473285,-108.85763846454485
945,50.48738952003205,-106.92067657678835
946,50.71515700847024,-107.23669039818903
947,52.01527164971085,-106.98792404197269
948,48.375560256908464,-109.26146378062771
949,50.22217987437882,-106.20856890608144
950,51.8853858970856,-112.33097779363679
951,50.3799263043241,-107.682133837281
952,51.79386798786565,-107.64548938357878
953,49.32191545499778,-107.61660610534057
954,50.18431758608034,-107.41008762516661
955,51.085167363325006,-110.66861976194912
956,50.133143629680916,-106.85207605665532
957,51.11427173189016,-107.38816728916046
958,51.07349838503682,-108.1408283505499
959,49.807554887515906,-106.18623548145642
960,50.7945152308007,-107.33573208965653
961,51.802791678483736,-110.80685110755148
962,51.82498137254306,-106.36671177155014
963,50.59689155025992,-107.46006345331571
964,51.188579084741285,-110.90606949725148
965,51.54112858806667,-106.08671964904478
966,52.08526171210222,-112.45353819529468
967,51.77826620990553,-112.41526356569854
968,51.986315020251396,-107.73992611449277
969,52.28825913949154,-106.21774722447597
970,51.86333932556752,-107.09409269651779
971,51.789332680945755,-112.4065024488432
972,51.05643338509352,-111.83975203739992
973,50.712979221515056,-107.17067442589273
974,51.571932083162075,-106.57337495627114
975,51.33070340175737,-110.866336496519
976,51.4282420919599,-107.58064560777929
977,50.2416640016613,-106.39131275125965
978,49.026337170661485,-108.43190656499844
979,51.45277106844775,-106.93550156804739
980,50.43743311304241,-106.84168659408832
981,51.23988823237068,-111.84126465590856
982,51.45302005982999,-106.0663049199701
983,50.026643252642785,-107.11667850374015
984,50.5011448557833,-106.50333961169696
985,51.36640265792095,-107.49034662154811
986,51.162973675203446,-111.44014876397452
987,50.73449675487208,-107.02692468103312
988,49.11747297008844,-107.07447493953175
989,51.33111874999532,-106.37906272217404
990,51.90260775957157,-111.45116491214272
991,49.00398634400753,-108.76992016200037
992,51.49635988870195,-109.76981672935302
993,52.029691380778345,-107.99632507183048
994,51.097143620360214,-112.36887120894308
995,50.56952480016726,-106.98418381444844
996,50.606850666659206,-107.0523568718585
997,51.7518287647848,-108.53888351942929
998,51.369529602029914,-106.49975949188074
999,52.21586869375414,-106.83306794088628
